patient_id,folder_name,start,deepest,end,start_slice,deepest_slice,end_slice
064,064_OD_7_GA_6x6_SSOCT_2,160,244,341,064_OD_7_GA_6x6_SSOCT_2_160.jpg,064_OD_7_GA_6x6_SSOCT_2_244.jpg,064_OD_7_GA_6x6_SSOCT_2_341.jpg
064,064_OD_7_GA_6x6_SSOCT_3,124,208,311,064_OD_7_GA_6x6_SSOCT_3_124.jpg,064_OD_7_GA_6x6_SSOCT_3_208.jpg,064_OD_7_GA_6x6_SSOCT_3_311.jpg
064,064_OD_8_GA_6x6_SSOCT_1,170,263,352,064_OD_8_GA_6x6_SSOCT_1_170.jpg,064_OD_8_GA_6x6_SSOCT_1_263.jpg,064_OD_8_GA_6x6_SSOCT_1_352.jpg
064,064_OD_9_GA_6x6_SSOCT_1,163,253,352,064_OD_9_GA_6x6_SSOCT_1_163.jpg,064_OD_9_GA_6x6_SSOCT_1_253.jpg,064_OD_9_GA_6x6_SSOCT_1_352.jpg
064,064_OD_10_GA_6x6_SSOCT_1,155,258,348,064_OD_10_GA_6x6_SSOCT_1_155.jpg,064_OD_10_GA_6x6_SSOCT_1_258.jpg,064_OD_10_GA_6x6_SSOCT_1_348.jpg
064,064_OS_1_GA_6x6_SSOCT_1 ,216,251,335,064_OS_1_GA_6x6_SSOCT_1 _216.jpg,064_OS_1_GA_6x6_SSOCT_1 _251.jpg,064_OS_1_GA_6x6_SSOCT_1 _335.jpg
326,326_OD_2_GA_6x6_SSOCT_1,219,259,289,326_OD_2_GA_6x6_SSOCT_1_219.jpg,326_OD_2_GA_6x6_SSOCT_1_259.jpg,326_OD_2_GA_6x6_SSOCT_1_289.jpg
326,326_OD_3_GA_6x6_SSOCT_1,202,245,276,326_OD_3_GA_6x6_SSOCT_1_202.jpg,326_OD_3_GA_6x6_SSOCT_1_245.jpg,326_OD_3_GA_6x6_SSOCT_1_276.jpg
341,341_OS_1_GA_6x6_SSOCT_1,165,245,414,341_OS_1_GA_6x6_SSOCT_1_165.jpg,341_OS_1_GA_6x6_SSOCT_1_245.jpg,341_OS_1_GA_6x6_SSOCT_1_414.jpg
345,345_OS_3_GA_6x6_SSOCT_1,179,235,331,345_OS_3_GA_6x6_SSOCT_1_179.jpg,345_OS_3_GA_6x6_SSOCT_1_235.jpg,345_OS_3_GA_6x6_SSOCT_1_331.jpg
578,578_OS_2_GA_6x6_SSOCT_1,227,259,304,578_OS_2_GA_6x6_SSOCT_1_227.jpg,578_OS_2_GA_6x6_SSOCT_1_259.jpg,578_OS_2_GA_6x6_SSOCT_1_304.jpg
064,064_OD_4_GA_6x6_SSOCT_1,166,240,336,064_OD_4_GA_6x6_SSOCT_1_166.jpg,064_OD_4_GA_6x6_SSOCT_1_240.jpg,064_OD_4_GA_6x6_SSOCT_1_336.jpg
064,064_OD_5_GA_6x6_SSOCT_1,227,307,408,064_OD_5_GA_6x6_SSOCT_1_227.jpg,064_OD_5_GA_6x6_SSOCT_1_307.jpg,064_OD_5_GA_6x6_SSOCT_1_408.jpg
064,064_OD_5_GA_6x6_SSOCT_2,215,299,399,064_OD_5_GA_6x6_SSOCT_2_215.jpg,064_OD_5_GA_6x6_SSOCT_2_299.jpg,064_OD_5_GA_6x6_SSOCT_2_399.jpg
064,064_OD_6_GA_6x6_SSOCT_1,210,299,403,064_OD_6_GA_6x6_SSOCT_1_210.jpg,064_OD_6_GA_6x6_SSOCT_1_299.jpg,064_OD_6_GA_6x6_SSOCT_1_403.jpg
064,064_OD_6_GA_6x6_SSOCT_2,177,263,374,064_OD_6_GA_6x6_SSOCT_2_177.jpg,064_OD_6_GA_6x6_SSOCT_2_263.jpg,064_OD_6_GA_6x6_SSOCT_2_374.jpg
064,064_OD_7_GA_6x6_SSOCT_1,191,283,376,064_OD_7_GA_6x6_SSOCT_1_191.jpg,064_OD_7_GA_6x6_SSOCT_1_283.jpg,064_OD_7_GA_6x6_SSOCT_1_376.jpg
321,321_OD_1_GA_6x6_SSOCT_1,230,256,282,321_OD_1_GA_6x6_SSOCT_1_230.jpg,321_OD_1_GA_6x6_SSOCT_1_256.jpg,321_OD_1_GA_6x6_SSOCT_1_282.jpg
321,321_OS_1_GA_6x6_SSOCT_1,215,252,287,321_OS_1_GA_6x6_SSOCT_1_215.jpg,321_OS_1_GA_6x6_SSOCT_1_252.jpg,321_OS_1_GA_6x6_SSOCT_1_287.jpg
326,326_OD_1_GA_6x6_SSOCT_1,214,266,296,326_OD_1_GA_6x6_SSOCT_1_214.jpg,326_OD_1_GA_6x6_SSOCT_1_266.jpg,326_OD_1_GA_6x6_SSOCT_1_296.jpg
345,345_OS_2_GA_6x6_SSOCT_1,177,249,321,345_OS_2_GA_6x6_SSOCT_1_177.jpg,345_OS_2_GA_6x6_SSOCT_1_249.jpg,345_OS_2_GA_6x6_SSOCT_1_321.jpg
578,578_OS_1_GA_6x6_SSOCT_1,215,248,301,578_OS_1_GA_6x6_SSOCT_1_215.jpg,578_OS_1_GA_6x6_SSOCT_1_248.jpg,578_OS_1_GA_6x6_SSOCT_1_301.jpg
047,047_OS_1_GA_6x6_SSOCT_1,198,253,355,047_OS_1_GA_6x6_SSOCT_1_198.jpg,047_OS_1_GA_6x6_SSOCT_1_253.jpg,047_OS_1_GA_6x6_SSOCT_1_355.jpg
047,047_OS_2_GA_6x6_SSOCT_1,194,258,368,047_OS_2_GA_6x6_SSOCT_1_194.jpg,047_OS_2_GA_6x6_SSOCT_1_258.jpg,047_OS_2_GA_6x6_SSOCT_1_368.jpg
064,064_OD_1_GA_6x6_SSOCT_1,209,287,369,064_OD_1_GA_6x6_SSOCT_1_209.jpg,064_OD_1_GA_6x6_SSOCT_1_287.jpg,064_OD_1_GA_6x6_SSOCT_1_369.jpg
064,064_OD_1_GA_6x6_SSOCT_2,215,289,368,064_OD_1_GA_6x6_SSOCT_2_215.jpg,064_OD_1_GA_6x6_SSOCT_2_289.jpg,064_OD_1_GA_6x6_SSOCT_2_368.jpg
064,064_OD_2_GA_6x6_SSOCT_1,183,258,341,064_OD_2_GA_6x6_SSOCT_1_183.jpg,064_OD_2_GA_6x6_SSOCT_1_258.jpg,064_OD_2_GA_6x6_SSOCT_1_341.jpg
064,064_OD_3_GA_6x6_SSOCT_1,178,258,352,064_OD_3_GA_6x6_SSOCT_1_178.jpg,064_OD_3_GA_6x6_SSOCT_1_258.jpg,064_OD_3_GA_6x6_SSOCT_1_352.jpg
064,064_OS_6_GA_6x6_SSOCT_1,171,256,371,064_OS_6_GA_6x6_SSOCT_1_171.jpg,064_OS_6_GA_6x6_SSOCT_1_256.jpg,064_OS_6_GA_6x6_SSOCT_1_371.jpg
190,190_OD_1_GA_6x6_SSOCT_1,202,266,348,190_OD_1_GA_6x6_SSOCT_1_202.jpg,190_OD_1_GA_6x6_SSOCT_1_266.jpg,190_OD_1_GA_6x6_SSOCT_1_348.jpg
578,578_OD_2_GA_6x6_SSOCT_1,214,256,299,578_OD_2_GA_6x6_SSOCT_1_214.jpg,578_OD_2_GA_6x6_SSOCT_1_256.jpg,578_OD_2_GA_6x6_SSOCT_1_299.jpg
064,064_OS_1_GA_6x6_SSOCT_2,166,248,288,064_OS_1_GA_6x6_SSOCT_2_166.jpg,064_OS_1_GA_6x6_SSOCT_2_248.jpg,064_OS_1_GA_6x6_SSOCT_2_288.jpg
064,064_OS_2_GA_6x6_SSOCT_1,168,256,354,064_OS_2_GA_6x6_SSOCT_1_168.jpg,064_OS_2_GA_6x6_SSOCT_1_256.jpg,064_OS_2_GA_6x6_SSOCT_1_354.jpg
064,064_OS_2_GA_6x6_SSOCT_2,168,251,356,064_OS_2_GA_6x6_SSOCT_2_168.jpg,064_OS_2_GA_6x6_SSOCT_2_251.jpg,064_OS_2_GA_6x6_SSOCT_2_356.jpg
064,064_OS_3_GA_6x6_SSOCT_1,185,269,366,064_OS_3_GA_6x6_SSOCT_1_185.jpg,064_OS_3_GA_6x6_SSOCT_1_269.jpg,064_OS_3_GA_6x6_SSOCT_1_366.jpg
064,064_OS_4_GA_6x6_SSOCT_1,186,276,385,064_OS_4_GA_6x6_SSOCT_1_186.jpg,064_OS_4_GA_6x6_SSOCT_1_276.jpg,064_OS_4_GA_6x6_SSOCT_1_385.jpg
064,064_OS_5_GA_6x6_SSOCT_1,178,271,375,064_OS_5_GA_6x6_SSOCT_1_178.jpg,064_OS_5_GA_6x6_SSOCT_1_271.jpg,064_OS_5_GA_6x6_SSOCT_1_375.jpg
345,345_OD_1_GA_6x6_SSOCT_1,184,253,302,345_OD_1_GA_6x6_SSOCT_1_184.jpg,345_OD_1_GA_6x6_SSOCT_1_253.jpg,345_OD_1_GA_6x6_SSOCT_1_302.jpg
345,345_OD_2_GA_6x6_SSOCT_1,168,253,305,345_OD_2_GA_6x6_SSOCT_1_168.jpg,345_OD_2_GA_6x6_SSOCT_1_253.jpg,345_OD_2_GA_6x6_SSOCT_1_305.jpg
345,345_OD_3_GA_6x6_SSOCT_1,184,253,297,345_OD_3_GA_6x6_SSOCT_1_184.jpg,345_OD_3_GA_6x6_SSOCT_1_253.jpg,345_OD_3_GA_6x6_SSOCT_1_297.jpg
578,578_OD_1_GA_6x6_SSOCT_1,200,248,300,578_OD_1_GA_6x6_SSOCT_1_200.jpg,578_OD_1_GA_6x6_SSOCT_1_248.jpg,578_OD_1_GA_6x6_SSOCT_1_300.jpg